LATITUDE,LONGITUDE,elevation,slope,landslide
27.328611,93.056583,709.4243,25.382296,1
27.781792,93.477942,1012.8603,31.629023,1
28.232331400048242,93.62992752870787,2097.101,28.168564,0
27.411944,93.010528,380.41382,20.113495,1
27.773556,93.969778,425.6184,32.33378,1
28.658857229765474,94.99300217701591,449.39783,4.152532,0
27.533951326183786,92.19919483712982,3211.9578,31.788061,0
28.941396048789805,93.24848504020187,4644.564,15.570558,0
27.295566745084383,93.85974794055231,492.10483,22.621643,0
28.744078,94.86976,443.99295,31.339945,1
27.460278,92.110278,3215.686,22.84669,1
28.633137526847822,93.81858928666344,3834.9285,17.393988,0
27.40356422143811,93.28577875475276,2683.4763,28.989534,0
27.302389,93.055833,1134.5734,39.492924,1
28.030114258463428,92.98069505563097,3547.817,26.82594,0
28.506306,94.873361,1170.0476,29.955606,1
27.942192412286264,94.9601357373446,429.2425,16.79439,0
27.260222,93.7895,316.32297,27.427608,1
27.938056,94.700306,835.8684,31.87575,1
28.047505897435276,92.33246230909612,4407.302,3.1897151,0
28.192085106468745,92.96738995574533,3843.8838,8.43779,0
27.248722,92.737722,1350.4696,33.895172,1
28.89205412563466,94.90979564914943,1873.2217,32.29906,0
28.133778,94.788,336.3745,14.277278,1
28.720187,94.971636,348.37198,26.113068,1
28.21203164140002,93.44412619178497,2374.8608,33.20589,0
27.667275516656478,93.96498777260439,1237.9849,25.042,0
27.106472,93.663889,149.55742,6.2092447,1
27.035673567953975,93.3113841265994,498.25266,13.550076,0
28.192444,94.984917,981.07135,33.948254,1
28.787937,94.820098,515.47406,44.17936,1
28.129901222944884,93.93122139627282,1800.5007,29.764877,0
27.165806,93.751167,111.61514,32.65019,1
27.497222,92.104667,4120.0874,39.303272,1
27.631858103661585,92.02585177140125,2845.664,5.201091,0
27.566611,92.967639,655.973,33.132877,1
27.530556,92.959167,1196.9207,25.279612,1
27.124444,93.742222,94.39161,25.62056,1
28.79673309472307,94.98666589875732,2239.2874,45.991753,0
27.333945839815406,94.11133308362068,47.554966,4.1216836,0
27.304624205426336,94.91621053139266,55.105225,4.353146,0
27.794333,94.73075,752.2956,38.453915,1
27.363833,93.025139,765.86633,22.83855,1
27.307072,93.806008,659.6044,14.181701,1
27.788194,94.724194,782.5685,25.950125,1
27.662194,94.702667,109.772896,24.570522,1
27.112222,93.694444,83.31529,3.614077,1
27.34118593707377,93.74131489160854,996.474,26.723078,0
27.5335,92.964861,1050.4034,21.160181,1
27.46787897173068,94.527365004358,43.299812,0.31806436,0
28.002089550206726,92.87693463028998,3118.7068,38.68996,0
27.607900196125225,93.52303099238533,2479.4988,15.80149,0
28.973263089848643,93.33577011660812,3739.3145,27.043354,0
27.08982123878466,92.44982443380218,2264.436,37.213963,0
27.477105641254777,93.68112168790361,929.9852,27.979763,0
27.229060147071948,93.28729661440777,1253.5337,24.455301,0
27.256227265351093,92.46887396588292,2087.6082,19.53443,0
27.043224159760662,92.07126951937155,2618.6245,12.609779,0
27.392869331429146,92.37177767826054,2203.47,32.283817,0
27.32025,93.053222,721.86206,25.029785,1
27.541069881820352,93.67275049047915,1292.4738,16.669891,0
27.287795005102502,94.67762448438526,38.988678,1.0514896,0
27.347917,93.012194,811.6968,18.6327,1
28.372192730210898,92.37323116617956,4306.796,8.759767,0
28.388524871285775,94.04568771520123,912.0411,32.736492,0
27.858889,94.78875,382.03287,17.134104,1
28.16212227940079,94.48028707968484,1982.9713,30.225046,0
27.087607531574456,92.20146703320492,2242.5237,20.68475,0
27.28604375033327,92.59244615558984,1213.1993,34.605072,0
27.656722410009376,93.10427981298984,1194.5991,9.019009,0
27.728384035544106,94.25302625864768,1030.9875,49.63835,0
28.344480186079622,94.3865765786858,3640.0195,29.31014,0
27.666556,93.891861,1404.7167,30.679842,1
27.576656207860488,93.8808570212968,1925.6904,23.673468,0
27.892312551148063,93.83156601264147,2027.3158,32.32498,0
28.82127645426177,94.706449005227,1131.9844,21.099747,0
27.496333,92.104333,4114.9927,32.227524,1
27.652167,93.632417,1241.024,31.586512,1
27.23098012733071,93.77408782925512,738.60864,2.7749863,0
27.6359821939041,92.42902220397916,4236.168,58.12184,0
27.40472672959046,92.23622986964875,2231.4392,38.1678,0
27.183833,92.599333,1607.6506,21.254591,1
28.64552322654166,93.44712801388734,4341.5425,20.621195,0
27.260444,93.7895,313.07654,26.788443,1
27.60189738356188,92.37153104583011,4196.4414,12.951375,0
28.875652909949967,94.18364267599557,2577.0105,20.469658,0
27.045607742059396,94.06928554533226,28.832373,3.4153745,0
27.086139,92.584361,225.03471,34.25276,1
28.602963621718832,93.26748525175445,4405.691,34.042637,0
27.293806,92.391694,1736.4489,26.006083,1
28.60192770728335,92.72394301393258,4357.7837,20.752104,0
27.296611,93.099056,679.7052,18.778538,1
27.22117682199222,94.26038161830903,31.664888,2.2555816,0
27.428833,93.025306,833.59143,22.83786,1
27.336667,93.820722,920.8957,33.856876,1
27.294944,93.072417,930.43774,30.374365,1
28.26583525853524,94.48726275000772,1859.842,39.981277,0
27.093889,92.591389,233.72707,28.927065,1
27.24750760730069,93.58290908181344,873.6434,13.468393,0
27.027872575416403,94.4173180950269,28.531633,6.158138,0
28.202667,94.828417,661.1557,30.921463,1
28.175289144355425,93.49399487237947,2007.1387,39.6565,0
27.786833,94.720111,779.0821,27.316261,1
27.223667,93.580417,694.81854,45.92877,1
28.141139,94.786583,321.1387,25.098387,1
27.568028,92.993944,501.7911,24.577162,1
28.665356392115676,92.18189222656821,5301.7734,19.700956,0
27.11079081832852,93.33875006348393,682.8885,20.652248,0
27.216639,93.691472,404.55496,35.597095,1
27.931970305962455,92.8556632564816,3740.6484,32.17201,0
27.550389,92.964861,871.6609,4.1503067,1
28.652583848388716,92.16886643894597,5225.6514,29.415934,0
27.611913248301306,93.15405041798402,1723.252,20.787046,0
27.441028,93.020389,443.82642,32.393425,1
27.72362522110678,94.18544560070579,401.36444,24.97432,0
27.362028,92.244028,1556.8665,39.641415,1
27.166306,92.587139,1716.3384,29.45629,1
28.114064304682557,94.58103767234535,978.5666,20.840408,0
28.721438136651788,92.04944660178847,4663.3706,12.524588,0
27.2745,93.797833,395.88013,26.322735,1
27.340556,92.274944,1531.203,36.783173,1
28.269497,94.982531,268.91544,33.05996,1
27.177667,93.148694,1508.4625,24.788593,1
27.958739128249082,92.58388463481477,5584.714,32.780716,0
27.234139,93.707861,366.2219,22.419369,1
27.562917,92.983139,511.41245,24.005611,1
28.91711842648289,94.6047093208487,2374.865,35.43058,0
27.473324725995163,93.87428190405377,1805.7004,22.579647,0
27.877822920610093,92.26678622915085,5287.228,18.72944,0
27.080302599094132,93.56292689826732,270.69675,25.92574,0
28.493579222698052,94.24421287723968,2740.776,24.0129,0
27.207659,93.615842,525.33545,26.073215,1
28.762661,94.860138,545.0045,40.082645,1
28.787486,94.819425,498.23038,15.014206,1
27.498775151664425,93.01491657380889,408.18512,18.11031,0
28.182287632221943,93.55926097908753,1320.8995,35.29569,0
28.137482391905788,94.38101787276928,1637.5458,50.08817,0
27.656,93.877472,1525.0082,28.330534,1
28.026733,94.593471,916.5907,8.870338,1
27.216278,93.655639,419.39774,28.235302,1
27.898806,93.408444,816.88837,15.88056,1
27.128972,93.705333,104.56735,30.895351,1
27.342139,93.041583,439.30963,22.937965,1
27.206917,92.537667,1185.4465,31.094046,1
27.460427981789763,93.43294630871891,2121.612,35.80166,0
27.30656863324899,93.78556805637628,1442.4989,25.254442,0
27.538778,92.988139,658.5302,39.63623,1
27.177667,93.148694,1508.4625,24.788593,1
28.137762,94.62431,837.87195,6.00134,1
28.2823,94.863031,774.80286,21.210003,1
28.91776049181816,93.31096786493436,4430.6157,37.623806,0
27.211794807501505,94.27204829821976,33.783806,1.8048661,0
28.556766994147523,94.69512615181813,1469.016,35.761322,0
28.06544455213148,94.70746990226876,655.04474,23.312426,0
27.858972,94.783917,334.14178,23.590952,1
28.26795022336217,93.89488562651395,3431.4724,26.437859,0
28.562588070863033,93.370236795062,3832.3792,23.060343,0
27.325278,92.373722,1582.7633,27.828588,1
28.41033075725267,94.89860787610453,370.1467,7.5560637,0
28.810126,94.785508,622.9302,25.514389,1
27.1275,93.73164,84.32353,5.308716,1
28.42636,94.6774,721.43823,23.752293,1
28.43378037831799,92.973931001331,3723.2659,27.432625,0
28.959141361173184,93.65675936103203,4238.7046,32.826283,0
27.236139,93.715694,357.8812,31.780127,1
28.325728425527164,94.29596367181591,2254.0166,21.278053,0
27.825694,94.747,666.9854,24.157932,1
27.542639,92.954417,1145.2528,25.570902,1
27.436722,93.003639,616.2014,36.596794,1
28.800083,94.842265,932.69824,35.643284,1
28.872279973676925,94.50859925287332,3040.9812,20.913397,0
27.981413988709043,92.20741448739834,5230.2256,20.97407,0
27.773847,93.595528,676.17255,11.588589,1
27.624733282764083,92.76364794388185,1618.1166,22.092636,0
27.103069,93.641778,329.36536,24.617065,1
27.16,93.739167,160.47626,17.395535,1
27.563167,92.975139,499.62875,33.546047,1
28.735477907552024,93.71470935352016,4608.987,37.612064,0
27.54448312369032,93.29345287142334,2418.1477,27.51053,0
27.908635923683494,94.73995489049683,389.7795,13.718056,0
27.98430643115086,93.39115918398979,2597.3323,33.470085,0
27.269104416826295,94.049044869347,45.396973,1.3557814,0
28.525064294141306,92.04740971748988,4151.3975,0.7617737,0
28.4447187011929,94.66408627468266,546.7703,28.02144,0
27.46513988105775,92.3583453077861,2490.148,31.72429,0
27.456278,92.109556,2989.6667,32.63258,1
27.287743865942286,93.77682485133322,1149.691,48.335514,0
28.55799270915626,92.10163338542768,4472.3135,24.56502,0
27.951409852451867,92.9604829066786,2761.4878,18.260075,0
28.984751128111675,93.80635817550028,4588.403,26.19254,0
27.57289245376411,94.70083429884623,52.26296,5.690347,0
27.102944,93.640417,349.37308,24.884941,1
28.045263551026245,94.07831470776499,451.39807,26.922148,0
28.17651599993844,93.95770175530124,1272.829,36.023857,0
27.389277415703937,92.75992280211693,1453.5713,38.585453,0
28.310626,94.675637,788.14294,4.9135175,1
27.63825,93.857583,1735.104,13.99644,1
28.005389,94.201306,421.22357,15.597313,1
27.208222,92.55475,1106.7131,16.744268,1
27.868667,94.787083,280.61032,17.993505,1
27.9170961635971,94.82751385770044,752.4164,33.527485,0
27.441361,92.117417,2509.0232,35.77352,1
27.086950124025584,93.51546018457624,653.7015,23.038132,0
27.177667,93.148694,1508.4625,24.788593,1
27.521083,92.995444,567.1128,25.989958,1
27.758611,93.997222,389.0761,26.90982,1
27.870194120006076,94.61631290601072,1442.1685,30.957254,0
28.22675,94.225111,776.9235,28.973114,1
28.00905247404446,92.57907556861811,5390.9985,34.649147,0
28.400530204004497,93.10663514221241,3735.8765,32.740734,0
27.863722,93.473389,801.5337,23.310322,1
27.182278,92.599889,1619.5908,25.619736,1
27.81975,94.138722,1319.8715,28.902128,1
27.587187515533365,93.66857089039337,1139.5548,9.395541,0
28.459371417354756,94.7785465888246,1420.2776,35.37583,0
27.353545565878463,93.0563614217766,684.21045,31.12567,0
27.81975,93.945556,615.9001,30.266684,1
27.1055,92.556278,817.56866,41.690933,1
27.368333,92.241583,1606.856,30.443705,1
27.11660548337813,94.60716135883101,33.512577,1.1766202,0
27.239467177002247,94.03493182520512,42.597305,1.9656572,0
27.214778,93.635667,467.55173,33.933453,1
28.8419409449749,92.6652139629113,5247.997,27.695305,0
27.649194,93.874,1570.5736,28.533445,1
27.483667,92.10925,3683.872,35.72429,1
27.218611,93.695278,436.27942,29.695526,1
28.022667,94.574294,1043.2429,12.6568365,1
27.345556,92.266389,1545.8656,26.237265,1
27.788639,93.539667,883.8716,25.79262,1
27.844444,93.973944,587.6854,38.883854,1
27.264205674603087,94.87427773748195,49.743233,1.4525907,0
27.903417,93.371722,860.9062,27.005985,1
27.177667,93.148694,1508.4625,24.788593,1
27.814806,93.521,896.1211,12.291591,1
27.757417,94.716167,333.96472,27.581799,1
28.572128610553907,93.32796804548077,4225.41,23.12562,0
27.62225,93.840778,1574.0261,18.698275,1
27.762042452192965,92.9228854562724,2070.9065,46.74393,0
28.303771,94.948727,293.97968,33.33452,1
27.787260913664056,92.15113921486567,4892.5347,6.5451713,0
27.795156387649882,94.79438578792667,776.1724,22.938522,0
28.260565186237777,92.11857085607069,5117.531,15.745729,0
27.300611,93.093417,714.2696,20.144266,1
27.86418607955021,93.48886622848771,772.3675,13.892553,0
27.24125,93.746889,376.55045,33.1844,1
28.832023690275214,92.15524923681166,4662.4243,5.540065,0
27.741596048465162,94.99929601074304,64.28426,4.9298906,0
27.882056,93.444333,732.91534,26.623327,1
27.10736,93.64975,239.11824,6.4662185,1
27.1883546957753,92.96979765309531,1469.5789,17.820045,0
28.226722,94.895611,763.57166,13.33162,1
27.248167,93.765889,265.20236,31.18138,1
27.175418023821535,93.54972351452903,1944.6625,33.202187,0
28.009061980385972,92.62783204271585,5678.921,30.267357,0
28.547912097111926,92.35603210123654,4421.558,14.168726,0
27.903389,93.370361,837.3561,24.545967,1
28.78335453250983,92.40135927678156,4515.231,27.26302,0
27.078472,93.605639,190.08461,11.887365,1
27.552639,92.965861,842.7211,18.239162,1
27.328528,93.812528,829.92566,27.992165,1
27.396722,92.163861,1808.9343,20.750437,1
27.177667,93.148694,1508.4625,24.788593,1
27.422111,93.014639,589.8372,29.657444,1
27.342582608185577,93.49784077092244,1489.3994,27.884094,0
27.790489,94.958147,105.74665,19.960825,1
27.752718946961654,92.0116824391434,4420.308,21.025644,0
27.236306,93.807167,277.76382,21.873838,1
28.59022967796617,93.12583441908048,3476.0615,32.429577,0
28.234833,94.972278,465.89413,26.627237,1
27.762,94.712278,429.72546,24.192345,1
28.849683738036124,92.15283226700906,4562.7056,9.319337,0
28.109169574031668,92.34205757400365,4718.999,35.13504,0
27.752611,94.7175,344.67847,34.731094,1
27.622972,93.841361,1589.4197,32.873085,1
28.793279,94.848477,988.8321,30.049078,1
27.884628254135787,94.85199452440845,434.6016,17.946316,0
27.27625,93.795889,424.54755,26.108532,1
28.187364008932708,92.74947826342917,5691.3276,24.358297,0
28.609528714993605,92.59087862786008,4510.067,24.421234,0
27.161806,93.136194,1375.0685,30.351624,1
27.664972,94.693861,157.84268,26.533157,1
27.327583,93.813389,876.3119,38.2965,1
28.192217,94.713927,288.9054,30.509954,1
27.206805935445104,93.72092200638713,923.5429,35.634537,0
27.177667,93.148694,1508.4625,24.788593,1
27.105556,93.699722,152.52347,13.028,1
27.74184456772488,94.05564385809839,822.86505,37.095676,0
28.1059861305058,92.0780522106547,4582.378,16.589272,0
28.477968007831084,92.32186117257118,4607.8843,12.518711,0
27.703222,94.67275,207.26991,16.283112,1
27.854583,93.484722,799.09735,16.673134,1
27.751917,94.023472,293.42123,24.978642,1
27.095278,93.615694,284.71118,17.42771,1
27.217333,93.064833,990.6298,31.260036,1
27.759556,94.712333,423.2073,27.753855,1
27.409778,92.132167,2030.2058,32.111988,1
27.357083,93.026361,753.84985,36.02725,1
28.561458062043936,93.56594034235415,4312.3564,20.136951,0
28.740874,94.866397,428.32068,13.201465,1
27.23601180424103,92.01457201333184,3030.2114,35.212265,0
28.024169,94.582184,1027.29,11.133771,1
27.116194,92.543111,1293.3373,36.100113,1
28.287317,94.947651,244.64308,25.481987,1
27.34675,93.018528,737.6228,12.311726,1
27.301139,93.091889,711.2662,19.260353,1
27.453818698101767,93.10503249261903,787.21155,17.398579,0
28.782426,94.810546,481.05252,26.396368,1
27.251806,93.504278,858.8255,18.030266,1
27.481656116082295,93.48277933043559,1396.7163,19.712206,0
28.37148669091189,92.68009595574414,4768.0957,36.060165,0
28.274019,94.962496,293.9525,35.338776,1
28.565470454500574,93.70323679728126,3640.4358,28.95896,0
28.548642832283686,92.12375909751968,4824.9937,23.18848,0
28.994069315675148,92.09474399207899,4366.61,9.314408,0
27.866083,93.467306,829.0844,35.66941,1
27.292167,92.391889,1744.735,10.659344,1
28.10970493878297,93.99564189681236,1565.5167,13.510364,0
27.105083,92.555222,860.8319,36.839176,1
27.654991128825092,94.50992223921963,388.34308,8.491339,0
28.543178,94.633991,674.06366,34.70245,1
27.748368086814367,93.74893478619668,1450.7477,25.570286,0
27.297167,93.050889,1289.2151,19.948753,1
27.1275,93.73164,84.32353,5.308716,1
28.228528,94.904278,752.33,21.65565,1
27.555389,92.960778,862.5574,14.49942,1
27.561111,92.965278,709.15704,33.628067,1
27.900771875791133,92.31245448140861,5426.6396,14.750262,0
28.951244703273513,93.76290492395913,4226.2676,31.240673,0
28.430622,94.674225,636.66846,4.5495567,1
27.238222,93.806444,204.86835,19.09151,1
28.118414321490828,94.25455868083819,1399.9537,31.003258,0
28.938352754695448,93.45813574868262,4881.1733,36.294518,0
27.833306,93.978611,619.9185,26.97056,1
28.706806146536334,94.26371088631889,2365.7505,17.1765,0
28.527846780013174,92.07512060901556,4436.5605,28.397306,0
27.115694,92.763028,378.8787,18.269493,1
27.148056,92.613889,312.43887,48.26224,1
28.438925911901872,94.29222816026387,3524.4707,32.49407,0
27.175299838632203,92.12952567517065,2632.2637,29.6433,0
27.300833,93.802833,607.3258,19.486162,1
28.792321543679535,94.5608905194402,1627.8691,29.266546,0
27.278417,92.426917,2493.528,25.923351,1
27.758889,94.059833,688.2413,37.982895,1
27.782139,93.546139,975.63086,23.587858,1
28.315726570081054,93.81183399493588,2517.5725,25.972912,0
28.451431256542854,93.13184551718409,3323.6257,16.069376,0
27.088278,93.66925,128.20074,26.812643,1
27.910417,94.739528,427.41345,36.064865,1
27.399816404950215,93.60171689816711,1675.8962,17.298376,0
27.740919412069736,94.8495541397476,217.52295,15.9682045,0
27.942917,94.694528,764.53357,23.604343,1
27.913333,94.737472,422.19064,23.835396,1
27.103111,93.634019,370.7119,19.698524,1
27.893389,94.842194,651.2539,7.8205996,1
28.33962798936502,93.61151794498045,1807.2319,27.660412,0
27.834083,94.768972,480.15305,25.014614,1
27.240444,93.064361,774.5117,17.410913,1
28.336805923580943,94.09495522360577,1907.9424,38.28568,0
28.342462826617187,92.29985556732353,4993.218,7.9319587,0
28.902389320007682,92.49797873446109,4344.1733,22.153257,0
27.603024178295755,92.89737543249957,1003.58325,38.93257,0
28.92379532909903,94.18848526358293,3161.418,22.19938,0
27.870361,94.817861,335.4581,29.031034,1
28.429931,94.6778,697.1997,22.114975,1
27.465281483932866,92.60721583851128,3007.729,22.635103,0
28.706748,94.985298,519.72046,38.44311,1
28.693837,94.973784,399.2141,31.288467,1
27.304361,93.054611,1004.3129,24.859385,1
27.339833,93.805167,725.5577,30.287636,1
27.396408454425796,94.46920284970524,37.039604,1.2830136,0
27.322543558067203,92.5993847919744,1277.382,35.622635,0
28.11039608465365,94.07554118385696,783.05524,27.444267,0
28.254617681404888,94.75773674665167,981.07764,25.63533,0
27.294886,93.803328,578.88727,16.685244,1
27.59071805068818,93.22056751817247,2617.999,33.527634,0
27.946978802113907,94.17123587057552,310.98892,10.313905,0
27.294278,93.802056,600.691,30.129093,1
28.537294983835313,92.45038867024778,4650.2764,32.09454,0
28.675960437310767,93.89045590782315,3402.4531,36.245605,0
28.659579486264825,92.78995184676945,4615.502,20.821663,0
27.756778,93.436761,973.62476,21.496988,1
27.217151482270886,93.27873260954017,1576.0581,29.080574,0
27.256917,93.064472,678.40485,18.047722,1
27.53173992291904,93.41492057187314,1561.1426,29.40414,0
28.439344,94.669332,516.8818,15.947383,1
28.133963,94.611953,974.74695,8.792014,1
28.717195839822764,94.68418574514419,2059.3755,47.710682,0
27.756511,93.417861,1001.8966,40.274574,1
28.49037625665769,94.4688076315793,1087.1471,35.304134,0
27.12763451220835,94.78889656317267,43.39662,1.030267,0
27.036111,92.603333,179.75865,5.23771,1
27.83875,93.977278,607.5647,38.440807,1
27.77495675806035,92.78568912369421,2499.2122,47.775017,0
27.394306,92.157333,1815.4381,41.89463,1
27.11375,92.537583,1272.874,49.171104,1
27.302861,93.050917,1133.8712,28.456385,1
27.81277372288014,92.56431268436405,4373.45,31.572392,0
28.427393,94.674582,625.6643,22.489885,1
27.788389,93.526528,675.8918,34.856903,1
28.459267,94.680108,583.5377,20.119194,1
27.101111,93.619222,291.66684,10.837723,1
27.763722,93.992333,276.62756,34.478195,1
28.832696039076357,92.48962005415336,5011.371,7.5006633,0
27.75892815945386,92.43749690220704,5203.6924,28.32532,0
27.1033158340288,94.79547287238594,47.86674,4.187914,0
28.567796418212826,93.94519305561008,3759.1338,48.686825,0
27.235306,93.524389,863.9843,29.147373,1
27.19822628315975,94.76990807077364,39.405754,0.9490527,0
27.74731545774742,94.96155899612508,73.596695,2.4178479,0
27.242917,93.757222,305.53317,34.145676,1
27.783667,93.600806,893.47034,43.136253,1
27.897361,94.844111,674.5168,34.517025,1
27.308578984135096,92.11625399458529,3634.3164,26.078552,0
27.277417,92.425278,2510.4346,35.82908,1
28.0377167207729,92.45180178301179,4709.4116,9.877719,0
27.555194,92.966222,761.31537,11.460052,1
27.23995,93.806589,223.51256,24.170727,1
27.04229603267288,93.01577432963244,410.00204,28.744907,0
28.87362630106756,93.776398474711,3852.0212,24.67402,0
27.979306,94.228528,239.7406,22.621677,1
27.106722,93.660111,176.29861,27.995216,1
28.305174681120203,92.4529793943052,4536.6343,37.04695,0
28.3994142676215,94.26950914318193,2165.6812,22.117245,0
27.546278,92.981472,568.5071,29.608902,1
28.237361,94.954808,592.96124,24.974888,1
28.565248209259092,93.58263462349154,4381.3003,22.67258,0
27.254756,93.801303,236.16412,30.548395,1
27.540917,92.949333,1181.4501,9.589828,1
28.608249052364524,93.61231272006194,2855.683,48.651768,0
27.56944016467587,94.48232255752625,103.57017,27.336348,0
27.794583,93.597306,976.4566,33.03588,1
27.194111,93.780944,193.78423,11.2122755,1
28.758400048615492,92.43247144676407,4791.716,28.416088,0
27.914944,94.721806,657.11975,40.676777,1
27.823139,94.732972,581.7899,16.515104,1
27.362996819193047,92.70452048977769,1866.3441,17.398285,0
27.566131,92.973072,561.8375,29.69861,1
27.763444,93.608278,914.37494,24.910828,1
28.527944,94.309444,1402.2369,50.822483,1
28.85559086034456,92.24728396837138,5056.727,7.170976,0
28.853529977697203,93.36605636433046,4093.1548,18.329279,0
28.608783655894154,94.7403009794392,2172.41,31.99117,0
27.086667,92.585278,273.11624,36.754097,1
28.62804076933207,93.01707087775948,4434.5503,22.91978,0
27.804944,94.719861,874.23645,25.169699,1
27.549389,92.979028,574.5981,36.176216,1
27.307226790384117,93.78036881776993,1321.2887,34.765083,0
27.912806,94.726972,598.65735,34.731274,1
27.8345,93.933694,347.4884,37.91445,1
28.872087140097925,92.75255867496537,4105.2856,31.964422,0
28.435520472007287,93.00307768015217,3645.866,9.751157,0
27.180095721551282,92.28074883601512,2571.803,25.613014,0
28.274147767982416,94.30298309809622,2150.654,27.94101,0
27.543472,92.95525,1089.0769,19.14768,1
27.420722,93.011083,428.0502,23.37563,1
28.318845269383804,93.5019825219838,2706.8625,35.5672,0
27.70625,94.673833,220.5652,17.640385,1
28.323322526335524,94.28675404491054,2060.887,22.64005,0
28.805204793087682,94.69436024150329,2556.6382,27.19658,0
28.199186883045225,92.0929843654434,4868.704,8.010929,0
28.662225344249812,92.03280416333199,4763.5527,7.1278095,0
27.188694,93.136056,1503.6581,33.245056,1
27.535806,92.930667,1239.3197,22.976486,1
28.544216798208762,93.48969469144156,3940.8958,40.439804,0
27.347917,93.012194,811.6968,18.6327,1
27.266667,92.404389,2542.1208,19.46959,1
27.34675,93.018528,737.6228,12.311726,1
27.103944,93.637611,344.94366,37.007362,1
28.723166,94.959687,304.33603,46.353363,1
27.228056,93.568972,657.6774,33.91589,1
27.208083,93.133472,1079.3853,6.679154,1
27.289048377732094,92.59435322423627,1278.7236,38.48041,0
27.874667,93.452917,742.63666,25.815006,1
27.258556,93.778167,284.02512,33.870182,1
28.260023689152796,92.59514888984458,4494.145,24.625975,0
28.687149903195504,94.65099884471745,1627.7078,46.103256,0
28.026515,94.590918,986.4269,12.991892,1
28.225583,94.889167,714.3732,8.69389,1
28.012659863241264,94.79583310768999,1119.2383,14.253265,0
27.86775,93.465861,791.1329,30.638554,1
27.840972,94.771167,373.94955,13.699459,1
28.394736058118728,92.55792325962713,4344.0986,14.833958,0
28.453989228573764,94.9672758184997,1928.711,39.566547,0
27.190098395128803,92.88188141277371,599.655,25.955404,0
27.48194115001137,94.26822584728471,44.53064,1.4362912,0
27.337028,93.821306,927.2024,30.746586,1
27.291083,93.796806,536.08386,31.7162,1
27.361222,93.035778,384.42316,34.17021,1
27.961820856600156,93.68994872509388,1548.3094,42.649902,0
28.235361,94.933333,722.07623,11.189261,1
27.212839063742766,93.99815689780745,49.810852,1.7097936,0
28.024691,94.553634,1022.7624,13.00591,1
27.824889,94.739556,632.98175,26.01462,1
27.495679125902715,94.3707294661683,41.454952,3.8348572,0
27.875808074397508,94.57689874908029,1222.9127,26.309013,0
27.228167,93.799111,287.2953,24.251432,1
27.562467567678016,93.46669490441201,1884.3179,40.286415,0
28.280246,94.953896,220.44846,8.180301,1
27.234917,93.536139,777.10364,29.058294,1
28.522279403980704,94.15418700990276,2913.7454,15.822503,0
27.11446388030652,92.86565902088286,705.8586,21.86107,0
27.923754460502774,94.29263104874035,454.76346,21.059145,0
27.327333,93.043611,785.979,17.51312,1
27.103444,93.638722,342.22723,27.641462,1
27.628879960408526,94.48032448404163,277.87918,30.059391,0
27.688,94.67875,242.31248,18.03878,1
28.489524311815636,93.01704757271978,5098.3525,18.762007,0
27.196944,93.139722,1237.8372,21.760143,1
27.331063445470555,94.20204967936617,30.774542,2.671193,0
27.683889,94.682444,235.38817,46.39583,1
27.06658,92.59572,264.4273,39.401905,1
28.329701713184065,93.76255847766753,2942.0955,43.52855,0
28.02844574038083,94.48745147103725,1051.8365,19.875994,0
27.421139,93.017611,683.00836,30.687984,1
28.535474,94.597063,894.4557,20.37509,1
28.361429053599014,93.10469715874511,4523.787,15.61186,0
27.21055615970825,92.30358010025999,2066.3608,22.000492,0
27.20675,92.537389,1193.3475,29.429132,1
27.192781924307,93.79450364012233,151.5532,16.784811,0
28.752815,94.893869,606.60986,28.525995,1
27.307111,93.806306,658.4869,7.3102946,1
27.668278,93.629472,1075.3547,25.850996,1
28.66691710757712,94.87728819011333,1717.9521,40.48079,0
28.108072287078098,93.64481995357457,947.2953,27.652508,0
28.849616858624053,94.17710291216761,2064.8423,35.97814,0
27.732784899652493,92.69819644002857,2288.9717,30.06032,0
27.965819,94.293672,196.69856,32.777843,1
27.571111,92.965556,906.3341,12.682063,1
28.392640750155472,94.12455346027735,2643.5803,34.689102,0
28.436019,94.668744,511.54172,15.964007,1
27.804361,94.715056,907.0885,26.54025,1
27.320083,93.050917,732.85406,23.82943,1
27.83275,93.504417,764.2562,27.882462,1
28.14345610475215,92.86417990616643,5510.402,10.288273,0
27.567816875728077,93.8425964106308,1519.2885,1.2639378,0
27.269861,93.802361,343.7798,23.247458,1
27.909278,94.736111,493.69067,19.606432,1
28.55750180793159,93.30840926794731,4163.8237,12.736924,0
27.27925,93.796444,443.75052,31.655357,1
27.441694,93.021472,447.76852,33.363686,1
27.280679194127824,94.484593557468,35.77581,1.8405186,0
27.52492103184573,92.21558649752288,3022.3262,19.891033,0
28.554809676482357,93.78933529808081,3634.6062,28.810488,0
27.59375294914257,93.64584217796663,1343.4196,11.523643,0
28.041344804943076,94.50659059433328,994.9324,11.733062,0
28.32383302945379,92.64880792939266,5113.738,7.6095834,0
28.211850355295454,93.71363957405599,2270.346,12.717678,0
28.716426,94.969346,306.5312,30.164558,1
28.598489433024135,92.78716541820087,3887.8481,35.82763,0
27.8305,94.157444,1180.4298,17.652018,1
27.262115503114625,92.71010598357981,577.8003,21.9596,0
27.325806,93.822389,1015.95953,32.787807,1
28.443033,94.668074,472.34952,8.010997,1
27.817057287449273,93.83731798775955,1629.4225,31.156439,0
28.265963,94.983464,267.55325,36.045094,1
27.180881453968265,93.47851340020635,1410.5343,7.520449,0
28.284966551991097,93.49580011517638,3453.0603,35.026535,0
27.56276778404399,92.10929058704865,4394.946,23.807663,0
27.35853661631548,94.97373388442008,56.586384,12.015763,0
27.874303837744662,92.89060545652224,2703.4065,35.083763,0
27.555583,92.963028,795.9053,32.060265,1
27.97331666167632,92.51095726433549,4908.4624,50.961685,0
27.827806,93.972167,669.2714,32.51166,1
28.816882,94.791032,677.2145,37.452827,1
27.85176417274702,93.75557405391488,1816.5227,25.471012,0
27.403722,92.141056,1955.0093,33.84653,1
27.024605371777206,92.88617238412955,157.92363,2.8625488,0
27.177667,93.148694,1508.4625,24.788593,1
27.82925,93.911194,622.486,30.301682,1
28.754928,94.8954,575.3477,22.950426,1
28.673793159321875,92.6976567873292,4905.533,29.833855,0
27.216778,93.074944,1042.9508,22.347786,1
28.36609790648491,93.96119141773076,494.13614,38.831665,0
28.998209460948477,93.0536687823839,3810.4736,36.684532,0
27.274815860075606,93.52157035794778,1188.6757,17.849165,0
28.805306287855235,93.566424341627,4650.244,16.239864,0
27.260722,93.780306,270.5035,32.79622,1
27.95575454804749,93.38780018213242,2546.4521,34.86354,0
28.897715853430682,92.64539365423482,4230.899,34.873215,0
28.52999771483205,92.27835636238022,4406.398,31.430828,0
28.300250031117592,94.45777815667996,1629.3164,31.84653,0
27.10392373293021,93.20641422471066,1281.3112,48.2097,0
27.165459999844877,92.20741983502178,2248.8247,29.18444,0
28.331369472213073,94.65993667438346,763.8096,11.107906,0
27.759361,94.047083,594.92053,32.202774,1
28.786893279395727,92.71260701615678,4631.8047,35.175716,0
27.995889,94.525941,907.3547,5.9499125,1
27.07482511235236,94.65900447179907,33.556854,0.8001333,0
28.78158498175705,94.54299940399392,2271.836,34.878426,0
27.04971898277251,92.20586257132658,1476.0302,9.874001,0
27.937861,94.702139,853.74225,21.865414,1
27.797806,93.96175,404.8211,27.688337,1
27.349282941871706,94.59232506144603,38.80838,1.5269387,0
27.94175,94.695694,796.35333,23.461288,1
27.292444,92.391861,1748.514,17.267311,1
27.300667,92.391833,1686.5863,29.203125,1
27.663137994685105,94.58764340122498,329.5515,34.500206,0
27.797389,94.735333,769.9164,23.504398,1
28.335376,94.956509,211.43544,41.609394,1
28.022249,94.535672,985.6436,19.767235,1
27.1105,92.537444,1189.0532,23.068293,1
28.701067358381565,93.20711264951655,4084.9526,45.127834,0
27.241,93.731417,348.17758,24.713953,1
28.072136071895276,94.85148880940812,647.9674,15.531959,0
28.932463824286362,93.75852888581292,3863.6152,25.157179,0
28.355501,94.679544,779.263,20.650991,1
27.10676386525435,94.16996099290147,26.730494,1.0832859,0
28.729371,94.92012,464.6028,18.428429,1
28.28773024016133,94.6175952474455,770.5239,4.4454823,0
27.801194,93.541667,869.35443,29.279144,1
27.437333,93.029667,882.8818,22.07118,1
28.855125102013016,92.20212291539902,4776.8013,13.137005,0
28.850240236753596,93.13020583462564,4702.8047,34.91557,0
27.82514313854736,93.21282936899135,2291.1914,13.264698,0
28.198765583041688,92.77285226851549,5873.1157,45.62583,0
27.872722,93.456306,763.6607,27.617468,1
27.58183567628024,93.38668379043101,1770.3026,17.920292,0
27.520111,92.997139,546.0889,31.895372,1
27.363417,92.24375,1573.42,29.923487,1
28.021678,94.536256,988.2872,14.66372,1
28.492028560486894,93.61252298761161,3811.4473,53.646355,0
28.87187964540125,93.52920397962933,5052.983,23.050457,0
27.911552579667223,94.98502825197143,400.74707,24.755625,0
28.36499100794995,93.1644615037342,3922.047,17.968988,0
28.013577,94.568456,1044.1589,12.792743,1
28.014765,94.569467,1007.5809,23.54415,1
28.162233218441806,94.92377123975332,1134.0333,25.844027,0
28.872254926751488,94.09017483582366,3922.76,42.90838,0
27.399551303320116,93.25073761015624,2063.5815,23.287155,0
27.225361,93.570278,678.4014,33.13906,1
28.786242242644395,92.57013564787879,4878.7476,18.318188,0
27.293806,93.050139,1169.5204,32.1888,1
27.246131,93.804711,219.31721,23.35955,1
27.821278,94.730278,577.38544,8.7110405,1
27.279536821907914,93.92695223501461,172.31473,17.58417,0
27.63427778564543,93.09974319049715,1095.011,21.092014,0
27.688583,94.681,232.16348,20.309023,1
28.83688379103111,94.00219066429639,3829.4377,4.332334,0
27.260222,93.7895,316.32297,27.427608,1
28.90579879013949,93.56432963047398,5034.493,19.493397,0
27.553611,92.975583,533.38947,40.407738,1
27.574306,92.999556,503.2956,31.411474,1
27.018342,92.6356,176.91635,18.82835,1
27.821889,94.730417,585.84186,19.614285,1
27.238917,93.806083,219.65112,27.303932,1
27.241056,93.749306,352.6005,34.77743,1
27.405861,92.133778,1990.8772,33.595722,1
27.668611,93.63,1071.1587,20.832487,1
27.367611,92.2415,1599.2175,33.739723,1
27.16898643764704,92.03719164174738,2129.4817,36.66874,0
27.773972,94.7135,566.1903,30.35231,1
28.74912408167493,92.56847383156165,5141.3813,47.336636,0
27.112694,92.543472,1321.0558,37.31159,1
28.73498126350465,94.16064808700798,3894.4187,23.830917,0
27.21828799353147,94.26836242922923,34.02154,1.8309871,0
28.862472471380205,93.85300838166091,4082.2993,23.061356,0
27.754056,94.018528,310.94983,36.087784,1
28.943652852121936,94.3768125115112,4199.2124,24.977242,0
27.234207131800222,94.24019514451415,32.520885,0.47883445,0
28.569526898504375,93.99303460530277,3556.3723,29.2645,0
27.057999006408938,92.81341365870527,149.52325,18.84452,0
28.544024864221974,92.14175101656946,4966.049,27.383505,0
28.604051760547186,92.63522330832838,4327.262,38.879536,0
28.608721831225942,94.87091475389234,1348.223,31.582558,0
27.153056,92.56175,1589.0652,16.788347,1
28.79406679779325,94.31868526128457,2655.0967,26.209219,0
27.873434778464723,94.60808548063557,1276.6024,24.74458,0
27.897722,93.406306,820.447,23.375511,1
27.47348974220879,92.31725041238454,2112.9377,33.710487,0
27.877756879504105,94.81115429201152,513.52026,21.806406,0
27.91783155107668,94.72939272955263,649.6541,30.485939,0
27.933611,94.703472,936.0906,20.24816,1
27.83975,93.977444,579.4295,24.316124,1
28.69712097754725,94.73661602122603,2033.7821,13.31672,0
28.616502944128605,93.25572437408437,4487.9453,44.02562,0
27.838228638632607,94.15505168951947,1411.7654,17.033314,0
27.215944,93.069222,1015.1421,28.052015,1
27.0108596682574,92.68500869489577,98.667404,4.420715,0
27.840167,93.980861,566.84424,26.312681,1
27.9077937641526,93.92464161002258,1081.963,28.493097,0
27.934763203110585,93.76256534158662,1345.2661,9.766824,0
27.423722,93.007583,403.4527,25.479008,1
27.24366500925706,92.9893561386545,902.563,3.5192933,0
27.362444,92.243972,1569.4053,39.57669,1
28.180151790716618,92.95899670288127,3457.433,15.349665,0
27.091139,93.615667,290.99927,9.750369,1
27.78,93.456231,1072.3097,35.96936,1
27.188933336123032,92.13464096742884,2965.4155,39.650276,0
27.245515864822973,93.07761319180321,974.7811,40.849796,0
27.555611,92.962194,820.0351,25.45173,1
27.103639,92.76025,322.3499,36.676945,1
27.167139,92.587917,1696.4484,33.160725,1
27.827472,93.972556,669.87866,21.12893,1
28.650799022392643,92.26620347902367,5015.244,17.210722,0
28.75000988446922,93.12015062977602,4830.3936,11.904741,0
27.651650716276304,92.2820636065065,4133.7173,22.173206,0
27.22075,93.581167,664.70874,25.678802,1
28.107158801315993,92.37969137637188,4494.488,24.194778,0
27.62064734580019,93.66576685970017,1456.0752,22.251955,0
28.698817685846144,93.02780706995084,4422.5894,11.699783,0
27.31522329725,93.63561470366793,1495.1614,13.781468,0
28.144861028067698,94.85000531172263,684.4635,25.506407,0
28.497216038913898,94.081578002627,2679.2598,25.431442,0
27.83377873718977,93.25929610129627,1767.6313,38.331482,0
27.45931205999771,92.74180124923834,2013.03,31.189661,0
28.715144288245114,92.83159442063162,5226.3145,33.21015,0
28.51703905967042,92.52361139488036,4860.116,24.222815,0
27.603854782884984,93.23360953114668,3034.102,28.053274,0
27.9646068738858,93.10871481907027,1707.3463,34.20136,0
27.163556,93.752306,94.501205,11.170679,1
27.690111,93.632556,956.24756,15.5313835,1
27.133117713910355,92.81946962217656,1132.2496,36.823807,0
27.813833,94.134333,1325.5204,28.995052,1
27.04542414626772,92.61307863563492,285.1564,9.304565,0
28.830097,94.874715,486.6821,28.568146,1
28.817161381415215,94.84662127144738,342.22897,43.96457,0
27.334056,93.819417,907.5519,31.215763,1
28.430814259231603,93.46134625974926,2211.004,29.47713,0
27.735023620230255,92.29025869508328,4125.836,10.825427,0
27.92559873118703,92.15997525480002,5106.432,26.000002,0
27.236957154434084,93.35327048241172,1237.438,37.185978,0
27.859444,94.789222,373.11633,12.952394,1
27.831614804341218,92.24083196121211,4570.964,29.52888,0
27.772194,93.59325,751.25195,28.293919,1
28.181830982962833,93.2851779375244,1894.8105,31.847288,0
28.30386205115995,93.97200188530512,2942.9888,17.612259,0
28.516175480170748,93.06549466098161,3627.131,22.818287,0
28.158439137883793,92.54211858730042,4810.9585,29.526287,0
28.469786324620582,93.86043997239665,2883.6033,36.48335,0
27.239333,93.745,348.41272,17.078497,1
27.106939,92.573544,520.5571,42.74986,1
27.035278,92.610556,105.14122,0.80249053,1
27.770178992200705,94.82105423761455,525.0522,20.409092,0
27.760917,93.995583,361.56256,30.078037,1
28.134238,94.620133,929.5393,16.987358,1
28.001482372404684,94.25921982086153,395.65082,15.014328,0
27.506766707678374,92.51878192330079,2025.6075,25.388412,0
27.511930181135206,92.91644183711351,1101.3265,25.767672,0
28.558955081542656,94.45835226663391,2337.7905,27.105848,0
27.89872300428758,93.56514264255752,1742.6107,19.722591,0
27.832524851406383,93.15002838023152,3182.3281,34.78671,0
28.061539181198107,93.61831327599317,1127.7021,26.249762,0
27.839817,94.778642,445.79565,25.685272,1
27.74722827691914,94.40811492838064,431.293,27.20187,0
27.693739609069674,92.41574165432739,5072.443,39.259537,0
27.204139,92.529278,1152.8513,28.955196,1
28.130472212962378,93.37512887348454,1800.1619,33.982964,0
28.260051,94.984752,239.972,28.285772,1
28.787001,94.81686,526.5271,33.004677,1
27.24675,93.765333,264.9335,27.197615,1
27.754806,94.715444,331.17245,26.753292,1
28.817009,94.791755,654.43256,35.904938,1
28.389596257636995,94.07148665365344,1385.5881,22.499441,0
27.830944,93.917028,589.22644,2.1067848,1
27.27950496721862,93.03615017950848,1100.3271,40.40254,0
27.190861,92.607806,1535.432,27.207634,1
27.568778,92.966583,760.2496,24.518127,1
27.291528,92.391778,1769.0342,23.476759,1
28.86604644320042,94.09182098548979,3421.1125,33.6044,0
27.092028,92.597028,169.58488,21.927769,1
27.28049817799722,92.70411046715569,660.4793,30.388773,0
27.279593996255315,92.17615604495045,3467.4683,29.779968,0
27.720444,94.721528,275.82153,11.146127,1
28.208389,94.830667,609.9417,12.316214,1
28.93501946486842,93.96637817816,4518.742,22.570593,0
28.355317347225714,92.89223587728074,4744.2056,36.792652,0
27.777278,94.715583,597.0668,24.835087,1
28.553535881384438,94.58265850556297,1039.7365,34.453438,0
28.328627080654776,93.26066743709731,3283.4333,11.744221,0
28.16425,94.792417,243.833,33.753475,1
28.440082,94.66913,537.1457,7.685868,1
28.003861,94.201944,463.30478,25.158514,1
28.740576,94.867317,450.06076,41.8228,1
28.573848755004278,93.13660386904387,3765.184,27.47716,0
27.191667,92.610111,1514.9662,29.697716,1
27.246111,93.804667,219.31721,23.35955,1
28.070869579660005,93.8784778575214,2142.7612,26.707754,0
27.760889,93.990806,437.4596,16.350044,1
28.342551,94.987136,390.0263,40.742104,1
27.253778,93.507778,900.187,21.725658,1
27.532926635001694,93.5972459591386,1522.121,23.304987,0
28.70226325364441,94.83243094122882,1616.1047,4.1254125,0
28.142465303485544,94.44719190665317,929.90857,28.579433,0
27.539694,92.991306,700.92035,26.070595,1
28.64932838091268,94.03715466886398,2260.2595,28.690666,0
27.803972,93.543083,884.84955,10.315682,1
27.09850823985519,94.31751741806724,22.924007,2.9835172,0
27.709051936259737,93.35735070450427,1683.9679,23.67867,0
27.454477443569555,92.26327814831465,3069.6519,4.859809,0
27.249847358611287,93.39320487895158,1423.9672,18.479296,0
27.542083,92.946,1207.8428,8.358555,1
27.240556,93.750417,317.67505,28.70117,1
27.821861,94.104806,1005.8768,27.834852,1
28.71322856818475,92.86241905564528,5057.817,3.5746307,0
27.20334380580743,93.82597925788035,313.79303,8.146852,0
27.018583,92.635667,184.55492,20.78128,1
27.62066934784815,92.27122423541569,4485.702,14.135209,0
27.25984301067094,92.40941166213354,2257.7192,21.963058,0
27.404809186251438,93.9176379798095,532.33514,25.827938,0
27.944444,94.692528,732.2045,24.796816,1
27.98798163848904,94.95808922922987,488.5463,16.613504,0
27.099083,92.626306,565.7342,11.861357,1
28.242389,94.220861,777.3248,31.684702,1
28.560602987818783,92.23022127967909,4485.212,7.4180946,0
28.29969320310964,92.20093403939597,5063.8843,17.497984,0
27.220833,93.698194,433.5782,34.462727,1
27.240083,93.745917,354.8351,30.878391,1
28.779408,94.859327,709.5175,39.850967,1
28.22875948108384,93.75681128439673,2206.5679,22.416348,0
27.061635669135878,94.17029410513186,29.736511,3.3885565,0
27.433056,92.123583,2314.6433,31.206877,1
27.88682839765466,94.76707291563801,313.66528,2.19539,0
27.177667,93.148694,1508.4625,24.788593,1
27.793761,94.959097,165.56935,28.512817,1
27.2495,93.507833,918.30304,8.262105,1
27.083228347723786,92.7881887892445,134.41118,0.79513466,0
27.210556,93.628556,499.91977,32.872154,1
27.190191496459867,94.34439751820726,28.184378,2.8554368,0
27.758806,93.609167,939.2023,25.619556,1
28.443016,94.664795,487.2955,20.157225,1
27.411944,93.010528,380.41382,20.113495,1
27.215481891911793,94.4921118162378,35.73266,4.1520586,0
27.134444,92.599611,266.18005,39.30227,1
27.544667,92.958806,1009.60706,16.71488,1
27.339267,93.802581,724.3015,25.163252,1
28.396241567957276,94.66328502714167,767.503,34.771404,0
27.263644435573042,93.66763221462729,937.4921,23.902657,0
27.766639645554818,92.36686861160845,4686.1016,3.974232,0
28.664519602790403,93.15776387438964,4610.24,33.288464,0
27.072325420989394,94.87878878617849,45.409325,3.3866198,0
28.26943664000118,93.68602752413861,1428.1246,39.760933,0
27.243843356670226,94.6793909182101,36.861954,3.965227,0
27.637611,93.637722,1669.204,17.787626,1
27.65972242466557,92.62687882245385,2464.2637,46.251553,0
27.16888864227978,93.20982074879103,1369.5137,4.4315434,0
28.206214314677453,92.14722214317283,5044.768,8.87672,0
27.267722,93.80125,319.92432,30.493809,1
28.601768352170193,93.01915116248622,4858.928,34.022488,0
28.188867327512902,93.58219934197439,2168.7134,23.666294,0
27.37894271816857,94.6288016990774,40.001167,5.836042,0
28.593634176650323,92.48116797220321,4676.043,22.128035,0
27.429169345639057,93.88684405148832,1023.0382,18.945591,0
28.232472,94.914889,610.71466,12.215875,1
27.939111622551614,94.24554340067928,1157.9688,32.94594,0
28.16819593782547,92.09777732974105,4984.339,21.808111,0
28.27912654247422,94.8111881746391,1151.8765,17.09524,0
27.801194,93.541944,857.37506,18.083162,1
28.455769,94.680664,550.9692,17.955643,1
27.391639,93.011861,574.0979,32.739323,1
28.263328798244128,92.9441523423961,5137.7505,29.674353,0
27.822556,94.135417,1253.9985,22.48967,1
27.543778,92.982806,592.5248,29.173182,1
27.270019,93.799333,360.12012,31.944225,1
27.152417,92.561778,1579.9731,7.574221,1
27.83721660158076,93.18819575383546,3704.9736,30.611898,0
27.358194,92.24325,1534.5917,22.63943,1
27.014724539502012,94.31558162253178,25.094933,1.3933276,0
27.207583,93.615667,515.2017,26.92354,1
27.576311228364922,93.89385775191826,1937.3076,24.858004,0
27.34675,93.018528,737.6228,12.311726,1
27.977168090703067,92.59394223925072,5023.536,36.594685,0
27.760194,94.712278,440.4369,22.61171,1
28.91124651409394,92.29080362536794,5422.347,15.151396,0
27.847111,94.783139,497.92114,35.830246,1
27.215611,93.123139,1199.8605,22.577732,1
27.193425,93.780983,190.76436,21.659372,1
28.655262343985164,94.84247913513435,2082.7842,33.92164,0
27.325861,93.055472,707.2027,27.778957,1
27.665417,93.892222,1394.6654,23.302027,1
27.93344200745407,94.11581722843296,1088.8757,18.490385,0
27.793917,94.728806,780.72156,37.181866,1
27.329215635164037,93.09514174065427,1505.15,5.911443,0
28.455655,94.680282,550.0973,12.897257,1
27.292346488385398,94.61896164620512,37.171017,2.832437,0
27.123139,93.702139,110.80639,21.870693,1
28.029848,94.616455,824.0763,29.323837,1
27.542389,92.946306,1210.8232,6.5038385,1
28.31253807865498,94.63243094367277,665.95807,22.466276,0
27.395444,92.164167,1770.3052,32.646065,1
27.957306,94.68625,608.1284,22.052568,1
