elevation,slope,risk_probability
0,0,0.01610301
0,5,0.0640851
0,10,0.03172935
0,15,0.05215238
0,20,0.13990575
0,25,0.18428056
0,30,0.20492826
0,35,0.037137516
0,40,0.17465796
0,45,0.05073095
0,50,0.081231564
250,0,0.6716474
250,5,0.89537394
250,10,0.80374897
250,15,0.8730431
250,20,0.95311725
250,25,0.965794
250,30,0.96989197
250,35,0.8281935
250,40,0.963568
250,45,0.8697788
250,50,0.91701245
500,0,0.32673162
500,5,0.670003
500,10,0.492811
500,15,0.6199858
500,20,0.8282732
500,25,0.8701064
500,30,0.88429415
500,35,0.53350675
500,40,0.8625393
500,45,0.6130984
500,50,0.72387815
750,0,0.4648601
750,5,0.78421694
750,10,0.63493687
750,15,0.7449203
750,20,0.89619565
750,25,0.9230206
750,30,0.9318812
750,35,0.67182285
750,40,0.9182464
750,45,0.73934525
750,50,0.8243343
1000,0,0.23731449
1000,5,0.56555647
1000,10,0.38385618
1000,15,0.5112565
1000,20,0.7556515
1000,25,0.8111418
1000,30,0.83051544
1000,35,0.4230594
1000,40,0.80092555
1000,45,0.50397503
1000,50,0.6269902
1250,0,0.07171223
1250,5,0.24425763
1250,10,0.13395494
1250,15,0.20616676
1250,20,0.43432236
1250,25,0.51605076
1250,30,0.5488595
1250,35,0.15401542
1250,40,0.4997168
1250,45,0.20143962
1250,50,0.29444447
1500,0,0.020846248
1500,5,0.08178689
1500,10,0.04088416
1500,15,0.06679333
1500,20,0.17464297
1500,25,0.22712623
1500,30,0.25109676
1500,35,0.047775783
1500,40,0.21585822
1500,45,0.065000236
1500,50,0.10314759
1750,0,0.1824055
1750,5,0.48277435
1750,10,0.30876768
1750,15,0.42858157
1750,20,0.68918455
1750,25,0.75487286
1750,30,0.7784421
1750,35,0.34459114
1750,40,0.7425786
1750,45,0.42146218
1750,50,0.5465281
2000,0,0.019723663
2000,5,0.07764294
2000,10,0.03872526
2000,15,0.06335665
2000,20,0.16664816
2000,25,0.2173615
2000,30,0.24062243
2000,35,0.045270104
2000,40,0.20644863
2000,45,0.06164974
2000,50,0.098037
2250,0,0.0035565575
2250,5,0.014713108
2250,10,0.0070956754
2250,15,0.011857053
2250,20,0.03425868
2250,25,0.04695407
2250,30,0.053218916
2250,35,0.008341267
2250,40,0.044114444
2250,45,0.011520518
2250,50,0.018916678
2500,0,0.007834852
2500,5,0.031981096
2500,10,0.015564698
2500,15,0.02586101
2500,20,0.07277208
2500,25,0.09828701
2500,30,0.11060599
2500,35,0.018269632
2500,40,0.09264476
2500,45,0.02513715
2500,50,0.040913377
2750,0,0.006494549
2750,5,0.02662093
2750,10,0.012919299
2750,15,0.021503812
2750,20,0.06100603
2750,25,0.08276385
2750,30,0.093338646
2750,35,0.015171556
2750,40,0.07793568
2750,45,0.020899296
2750,50,0.034108885
3000,0,0.011792115
3000,5,0.04754976
3000,10,0.02333436
3000,15,0.038569074
3000,20,0.10602328
3000,25,0.14141837
3000,30,0.15819494
3000,35,0.027352065
3000,40,0.13366717
3000,45,0.037503224
3000,50,0.060558375
3250,0,0.012048745
3250,5,0.048546348
3250,10,0.023836115
3250,15,0.03938521
3250,20,0.10810621
3250,25,0.14408468
3250,30,0.1611182
3250,35,0.027937742
3250,40,0.13621058
3250,45,0.0382977
3250,50,0.061809897
3500,0,0.0053429445
3500,5,0.021979531
3500,10,0.010640687
3500,15,0.017738318
3500,20,0.05068167
3500,25,0.06902798
3500,30,0.07799703
3500,35,0.012500738
3500,40,0.06494437
3500,45,0.017237794
3500,50,0.028199766
3750,0,0.003990686
3750,5,0.016486483
3750,10,0.007958346
3750,15,0.013290817
3750,20,0.038296334
3750,25,0.05240678
3750,30,0.05935384
3750,35,0.009353946
3750,40,0.049254425
3750,45,0.012914131
3750,50,0.021185834
4000,0,0.004137228
4000,5,0.01708399
4000,10,0.008249379
4000,15,0.013774154
4000,20,0.039652463
4000,25,0.054234404
4000,30,0.061408017
4000,35,0.009695516
4000,40,0.050978016
4000,45,0.013383943
4000,50,0.021949876
